{"mean": [0.5, 0.5, 0.5, 0.3333333432674408, 0.6666666865348816, 0.0, 0.0, 0.0, 0.0, 0.0, 0.0, 0.7777777910232544, 0.0555555559694767, 0.0, 0.0, 0.0, 0.1111111119389534, 0.0555555559694767, 0.0, 0.0, 0.0, 0.0, 0.0, 0.0, 0.0, 0.0, 1.0, 0.0], "std": [1.0, 1.0, 1.0, 0.4714045226573944, 0.4714045226573944, 1.0, 1.0, 1.0, 1.0, 1.0, 1.0, 0.41573968529701233, 0.22906143963336945, 1.0, 1.0, 1.0, 0.31426969170570374, 0.22906142473220825, 1.0, 1.0, 1.0, 1.0, 1.0, 1.0, 1.0, 1.0, 1.0, 1.0]}