{"mean": [-0.06293120235204697, 0.09665895253419876, 0.3333333432674408, 1.0, 0.0, 0.0, 0.0, 0.6666666865348816, 0.0, 0.0, 0.3333333432674408, 0.3333333432674408, 0.0, 0.0, 0.0, 0.0, 0.0, 0.0, 0.0, 0.0, 0.0, 0.0, 0.0, 0.0, 0.0, 0.0, 0.0, 1.0], "std": [0.08899814635515213, 0.13669641315937042, 0.0471404492855072, 1.0, 1.0, 1.0, 1.0, 0.4714045226573944, 1.0, 1.0, 0.471404492855072, 0.471404492855072, 1.0, 1.0, 1.0, 1.0, 1.0, 1.0, 1.0, 1.0, 1.0, 1.0, 1.0, 1.0, 1.0, 1.0, 1.0, 1.0]}