{"mean": [-0.23560862243175507, 0.19483500719070435, 0.6368072628974915, 1.0, 0.0, 0.0, 0.0, 0.3333333432674408, 0.0, 0.5, 0.1666666716337204, 0.6666666865348816, 0.0, 0.0, 0.0, 0.0, 0.0, 0.0, 0.0, 0.0, 0.0, 0.0, 0.0, 0.0, 0.0, 0.0, 0.0, 1.0], "std": [0.18378745019435883, 0.137773334980011, 0.3052991032600403, 1.0, 1.0, 1.0, 1.0, 0.4714045226573944, 1.0, 0.5, 0.3726780116558075, 0.471404492855072, 1.0, 1.0, 1.0, 1.0, 1.0, 1.0, 1.0, 1.0, 1.0, 1.0, 1.0, 1.0, 1.0, 1.0, 1.0, 1.0]}